{
    "matrix": {
        "rows": 5,
        "cols": 17
    },
    "layouts": {
        "keymap": [
            [{ "x": 1 }, "0,0", { "x": 14 }, "0,13", "0,14", "0,15", "0,16"],
            [
                { "y": -0.5, "x": 3.5 },
                "0,1",
                "0,2",
                "0,3",
                "0,4",
                "0,5",
                "0,6",
                "0,7",
                "0,8",
                "0,9",
                "0,10",
                "0,11",
                "0,12"
            ],
            [
                { "y": -0.5, "x": 1 },
                "1,0",
                { "x": 14 },
                "1,13",
                "1,14",
                "1,15",
                { "h": 2 },
                "1,16"
            ],
            [
                { "y": -0.5, "x": 3.5 },
                "1,1",
                "1,2",
                "1,3",
                "1,4",
                "1,5",
                "1,6",
                "1,7",
                "1,8",
                "1,9",
                "1,10",
                "1,11",
                "1,12"
            ],
            [{ "y": -0.5, "x": 1 }, "2,0", { "x": 14 }, "2,13", "2,14", "2,15"],
            [
                { "y": -0.5, "x": 3.5 },
                "2,1",
                "2,2",
                "2,3",
                "2,4",
                "2,5",
                "2,6",
                "2,7",
                "2,8",
                "2,9",
                "2,10",
                "2,11",
                "2,12"
            ],
            [
                { "y": -0.5, "x": 1 },
                "3,0",
                { "x": 14 },
                "3,13",
                "3,14",
                "3,15",
                { "h": 2 },
                "3,16"
            ],
            [
                { "y": -0.5, "x": 3.5 },
                "3,1",
                "3,2",
                "3,3",
                "3,4",
                "3,5",
                { "w": 2 },
                "3,6",
                "3,8",
                "3,9",
                "3,10",
                "3,11",
                "3,12"
            ],
            [{ "y": -0.5, "x": 1 }, "4,0", { "x": 14, "w": 2 }, "4,13", "4,15"],
            [
                { "r": 90, "rx": 0.5, "ry": 2.5, "y": -0.5, "x": -0.5 },
                "0,0\n\n\n\n\n\n\n\n\ne"
            ],
            [{ "rx": 2.5, "y": -0.5, "x": -0.5 }, "0,1\n\n\n\n\n\n\n\n\ne"]
        ]
    }
}
