{
    "manufacturer": "ScottoKeebs",
    "keyboard_name": "ScottoCMD",
    "maintainer": "joe-scotto",
    "diode_direction": "COL2ROW",
    "development_board": "promicro",
    "features": {
        "bootmagic": true,
        "command": false,
        "console": false,
        "extrakey": true,
        "mousekey": false,
        "nkro": true,
        "oled": true
    },
    "build": {
        "lto": true
    },
    "matrix_pins": {
        "cols": ["D3", "D2", "D4", "C6", "D7", "E6", "B4", "B5", "F4", "F5", "F6"],
        "rows": ["F7", "B1", "B3", "B2", "B6"]
    },
    "url": "https://scottokeebs.com",
    "usb": {
        "device_version": "1.0.0",
        "pid": "0x0005",
        "vid": "0x534B"
    },
    "bootmagic": {
        "matrix": [1, 0]
    },
    "layouts": {
        "LAYOUT_ortho_4_3x10_4": {
            "layout": [
                { "matrix": [0, 7], "x": 7, "y": 0 },
                { "matrix": [0, 8], "x": 8, "y": 0 },
                { "matrix": [0, 9], "x": 9, "y": 0 },
                { "matrix": [0, 10], "x": 10, "y": 0 },
                { "matrix": [1, 0], "x": 0, "y": 1 },
                { "matrix": [1, 1], "x": 1, "y": 1 },
                { "matrix": [1, 2], "x": 2, "y": 1 },
                { "matrix": [1, 3], "x": 3, "y": 1 },
                { "matrix": [1, 4], "x": 4, "y": 1 },
                { "matrix": [1, 5], "x": 5, "y": 1 },
                { "matrix": [1, 6], "x": 6, "y": 1 },
                { "matrix": [1, 7], "x": 7, "y": 1 },
                { "matrix": [1, 8], "x": 8, "y": 1 },
                { "matrix": [1, 9], "x": 9, "y": 1 },
                { "matrix": [1, 10], "x": 10, "y": 1 },
                { "matrix": [2, 0], "x": 0, "y": 2 },
                { "matrix": [2, 1], "x": 1, "y": 2 },
                { "matrix": [2, 2], "x": 2, "y": 2 },
                { "matrix": [2, 3], "x": 3, "y": 2 },
                { "matrix": [2, 4], "x": 4, "y": 2 },
                { "matrix": [2, 5], "x": 5, "y": 2 },
                { "matrix": [2, 6], "x": 6, "y": 2 },
                { "matrix": [2, 7], "x": 7, "y": 2 },
                { "matrix": [2, 8], "x": 8, "y": 2 },
                { "matrix": [2, 9], "x": 9, "y": 2 },
                { "matrix": [2, 10], "x": 10, "y": 2 },
                { "matrix": [3, 1], "x": 1, "y": 3 },
                { "matrix": [3, 2], "x": 2, "y": 3 },
                { "matrix": [3, 3], "x": 3, "y": 3 },
                { "matrix": [3, 4], "x": 4, "y": 3 },
                { "matrix": [3, 5], "x": 5, "y": 3 },
                { "matrix": [3, 6], "x": 6, "y": 3 },
                { "matrix": [3, 7], "x": 7, "y": 3 },
                { "matrix": [3, 8], "x": 8, "y": 3 },
                { "matrix": [3, 9], "x": 9, "y": 3 },
                { "matrix": [3, 10], "x": 10, "y": 3 },
                { "matrix": [4, 1], "x": 1, "y": 4 },
                { "matrix": [4, 5], "x": 5, "y": 4 },
                { "matrix": [4, 9], "x": 9, "y": 4 },
                { "matrix": [4, 10], "x": 10, "y": 4 }
            ]
        }
    }
}
