{
  "matrix": {
    "rows": 8,
    "cols": 7
  },
  "layouts": {
    "keymap": [
      [{ "x": 3 }, "0,3", { "x": 7 }, "4,2"],
      [
        { "y": -0.75, "x": 2 },
        "0,2",
        { "x": 1 },
        "0,4",
        { "x": 5 },
        "4,1",
        { "x": 1 },
        "4,3"
      ],
      [
        { "y": -0.75 },
        "0,0",
        "0,1",
        { "x": 3 },
        "0,5",
        { "h": 3 },
        "1,6",
        { "x": 1, "h": 3 },
        "5,6",
        "4,0",
        { "x": 3 },
        "4,4",
        "4,5"
      ],
      [{ "y": -0.5, "x": 3 }, "1,3", { "x": 7 }, "5,2"],
      [
        { "y": -0.75, "x": 2 },
        "1,2",
        { "x": 1 },
        "1,4",
        { "x": 5 },
        "5,1",
        { "x": 1 },
        "5,3"
      ],
      [
        { "y": -0.75 },
        "1,0",
        "1,1",
        { "x": 3 },
        "1,5",
        { "x": 3 },
        "5,0",
        { "x": 3 },
        "5,4",
        "5,5"
      ],
      [{ "y": -0.5, "x": 3 }, "2,3", { "x": 7 }, "6,2"],
      [
        { "y": -0.75, "x": 2 },
        "2,2",
        { "x": 1 },
        "2,4",
        { "x": 5 },
        "6,1",
        { "x": 1 },
        "6,3"
      ],
      [
        { "y": -0.75 },
        "2,0",
        "2,1",
        { "x": 3 },
        "2,5",
        { "x": 3 },
        "6,0",
        { "x": 3 },
        "6,4",
        "6,5"
      ],
      [{ "y": -0.5, "x": 3 }, "3,3", { "x": 7 }, "7,2"],
      [{ "y": -0.75, "x": 4 }, "3,4", { "x": 5 }, "7,1"],
      [{ "y": -0.75, "x": 5 }, "3,5", { "x": 3 }, "7,0"]
    ]
  }
}
