{
    "manufacturer": "ScottoKeebs",
    "keyboard_name": "Scotto16",
    "maintainer": "joe-scotto",
    "bootloader": "rp2040",
    "diode_direction": "COL2ROW",
    "features": {
        "bootmagic": true,
        "command": false,
        "console": false,
        "extrakey": true,
        "mousekey": true,
        "nkro": true
    },
    "matrix_pins": {
        "cols": ["GP6", "GP7", "GP8", "GP9"],
        "rows": ["GP22", "GP20", "GP23", "GP21"]
    },
    "processor": "RP2040",
    "url": "https://scottokeebs.com",
    "usb": {
        "device_version": "1.0.0",
        "pid": "0x0034",
        "vid": "0x534B"
    },
    "layouts": {
        "LAYOUT_ortho_4x4": {
            "layout": [
                { "matrix": [0, 0], "x": 0, "y": 0 },
                { "matrix": [0, 1], "x": 1, "y": 0 },
                { "matrix": [0, 2], "x": 2, "y": 0 },
                { "matrix": [0, 3], "x": 3, "y": 0 },
                { "matrix": [1, 0], "x": 0, "y": 1 },
                { "matrix": [1, 1], "x": 1, "y": 1 },
                { "matrix": [1, 2], "x": 2, "y": 1 },
                { "matrix": [1, 3], "x": 3, "y": 1 },
                { "matrix": [2, 0], "x": 0, "y": 2 },
                { "matrix": [2, 1], "x": 1, "y": 2 },
                { "matrix": [2, 2], "x": 2, "y": 2 },
                { "matrix": [2, 3], "x": 3, "y": 2 },
                { "matrix": [3, 0], "x": 0, "y": 3 },
                { "matrix": [3, 1], "x": 1, "y": 3 },
                { "matrix": [3, 2], "x": 2, "y": 3 },
                { "matrix": [3, 3], "x": 3, "y": 3 }
            ]
        }
    }
}
