{
    "matrix": {
        "rows": 5,
        "cols": 10
    },
    "layouts": {
        "keymap": [
            [
                "0,0",
                "0,1",
                "0,2",
                "0,3",
                "0,4",
                { "x": 0.125, "w": 2.75 },
                "0,6"
            ],
            [
                "1,0",
                "1,1",
                "1,2",
                "1,3",
                "1,4",
                "1,5",
                "1,6",
                "1,7",
                "1,8",
                "1,9"
            ],
            [
                "2,0",
                "2,1",
                "2,2",
                "2,3",
                "2,4",
                "2,5",
                "2,6",
                "2,7",
                "2,8",
                "2,9"
            ],
            [
                "3,0",
                "3,1",
                "3,2",
                "3,3",
                "3,4",
                "3,5",
                "3,6",
                "3,7",
                "3,8",
                "3,9"
            ],
            [
                { "x": 1 },
                "4,1",
                "4,2",
                { "w": 2 },
                "4,3",
                { "w": 2 },
                "4,6",
                "4,7",
                "4,8"
            ]
        ]
    }
}
