{
    "matrix": {
        "rows": 5,
        "cols": 11
    },
    "layouts": {
        "keymap": [
            [{ "x": 7.5 }, "0,7", "0,8", "0,9", "0,10"],
            [
                { "w": 1.5 },
                "1,0",
                "1,1",
                "1,2",
                "1,3",
                "1,4",
                "1,5",
                "1,6",
                "1,7",
                "1,8",
                "1,9",
                "1,10"
            ],
            [
                { "w": 1.5 },
                "2,0",
                "2,1",
                "2,2",
                "2,3",
                "2,4",
                "2,5",
                "2,6",
                "2,7",
                "2,8",
                "2,9",
                "2,10"
            ],
            [
                { "x": 1.5 },
                "3,1",
                "3,2",
                "3,3",
                "3,4",
                "3,5",
                "3,6",
                "3,7",
                "3,8",
                "3,9",
                "3,10"
            ],
            [
                { "x": 1.5, "w": 1.75 },
                "4,1",
                { "w": 6.25 },
                "4,5",
                "4,9",
                "4,10"
            ]
        ]
    }
}
