{
    "manufacturer": "ScottoKeebs",
    "keyboard_name": "Scotto44",
    "maintainer": "joe-scotto",
    "bootloader": "rp2040",
    "diode_direction": "COL2ROW",
    "bootmagic": {
        "matrix": [1, 6]
    },
    "split": {
        "enabled": true,
        "soft_serial_pin": "GP0",
        "bootmagic": {
            "matrix": [5, 6]
        },
        "matrix_pins": {
            "right": {
                "cols": ["GP16", "GP17", "GP18", "GP19", "GP20", "GP21", "GP1"],
                "rows": ["GP28", "GP27", "GP26", "GP22"]
            }
        }
    },
    "features": {
        "bootmagic": true,
        "command": false,
        "console": false,
        "extrakey": true,
        "mousekey": true,
        "nkro": true
    },
    "matrix_pins": {
        "cols": ["GP21", "GP20", "GP19", "GP18", "GP17", "GP16", "GP1"],
        "rows": ["GP28", "GP27", "GP26", "GP22"]
    },
    "processor": "RP2040",
    "url": "https://scottokeebs.com",
    "usb": {
        "device_version": "1.0.0",
        "pid": "0x0032",
        "vid": "0x534B"
    },
    "layouts": {
        "LAYOUT": {
            "layout": [
                { "matrix": [0, 0], "x": 0, "y": 0.5 },
                { "matrix": [0, 1], "x": 1, "y": 0.5 },
                { "matrix": [0, 2], "x": 2, "y": 0.25 },
                { "matrix": [0, 3], "x": 3, "y": 0 },
                { "matrix": [0, 4], "x": 4, "y": 0.25 },
                { "matrix": [0, 5], "x": 5, "y": 0.5 },

                { "matrix": [4, 0], "x": 9, "y": 0.5 },
                { "matrix": [4, 1], "x": 10, "y": 0.25 },
                { "matrix": [4, 2], "x": 11, "y": 0 },
                { "matrix": [4, 3], "x": 12, "y": 0.25 },
                { "matrix": [4, 4], "x": 13, "y": 0.5 },
                { "matrix": [4, 5], "x": 14, "y": 0.5 },

                { "matrix": [1, 0], "x": 0, "y": 1.5 },
                { "matrix": [1, 1], "x": 1, "y": 1.5 },
                { "matrix": [1, 2], "x": 2, "y": 1.25 },
                { "matrix": [1, 3], "x": 3, "y": 1 },
                { "matrix": [1, 4], "x": 4, "y": 1.25 },
                { "matrix": [1, 5], "x": 5, "y": 1.5 },
                { "matrix": [1, 6], "x": 6, "y": 0.5, "h": 3 },

                { "matrix": [5, 6], "x": 14, "y": 1.5 },
                { "matrix": [5, 0], "x": 8, "y": 0.5, "h": 3 },
                { "matrix": [5, 1], "x": 9, "y": 1.5 },
                { "matrix": [5, 2], "x": 10, "y": 1.25 },
                { "matrix": [5, 3], "x": 11, "y": 1 },
                { "matrix": [5, 4], "x": 12, "y": 1.25 },
                { "matrix": [5, 5], "x": 13, "y": 1.5 },

                { "matrix": [2, 0], "x": 0, "y": 2.5 },
                { "matrix": [2, 1], "x": 1, "y": 2.5 },
                { "matrix": [2, 2], "x": 2, "y": 2.25 },
                { "matrix": [2, 3], "x": 3, "y": 2 },
                { "matrix": [2, 4], "x": 4, "y": 2.25 },
                { "matrix": [2, 5], "x": 5, "y": 2.5 },

                { "matrix": [6, 0], "x": 9, "y": 2.5 },
                { "matrix": [6, 1], "x": 10, "y": 2.25 },
                { "matrix": [6, 2], "x": 11, "y": 2 },
                { "matrix": [6, 3], "x": 12, "y": 2.25 },
                { "matrix": [6, 4], "x": 13, "y": 2.5 },
                { "matrix": [6, 5], "x": 14, "y": 2.5 },

                { "matrix": [3, 3], "x": 3, "y": 3 },
                { "matrix": [3, 4], "x": 4, "y": 3.25 },
                { "matrix": [3, 5], "x": 5, "y": 3.5 },

                { "matrix": [7, 0], "x": 9, "y": 3.5 },
                { "matrix": [7, 1], "x": 10, "y": 3.25 },
                { "matrix": [7, 2], "x": 11, "y": 3 }
            ]
        }
    }
}
