{
    "manufacturer": "ScottoKeebs",
    "keyboard_name": "Scotto36",
    "maintainer": "joe-scotto",
    "diode_direction": "COL2ROW",
    "development_board": "promicro",
    "features": {
        "bootmagic": true,
        "command": false,
        "console": false,
        "extrakey": true,
        "mousekey": false,
        "nkro": true,
        "oled": true
    },
    "build": {
        "lto": true
    },
    "matrix_pins": {
        "cols": ["D4", "C6", "D7", "E6", "B4", "B5", "F4", "F5", "F6", "F7"],
        "rows": ["B1", "B3", "B2", "B6"]
    },
    "url": "https://scottokeebs.com",
    "usb": {
        "device_version": "1.0.0",
        "pid": "0x0002",
        "vid": "0x534B"
    },
    "community_layouts": ["split_3x5_3"],
    "layouts": {
        "LAYOUT_split_3x5_3": {
            "layout": [
                { "matrix": [0, 0], "x": 0, "y": 0 },
                { "matrix": [0, 1], "x": 1, "y": 0 },
                { "matrix": [0, 2], "x": 2, "y": 0 },
                { "matrix": [0, 3], "x": 3, "y": 0 },
                { "matrix": [0, 4], "x": 4, "y": 0 },
                { "matrix": [0, 5], "x": 5, "y": 0 },
                { "matrix": [0, 6], "x": 6, "y": 0 },
                { "matrix": [0, 7], "x": 7, "y": 0 },
                { "matrix": [0, 8], "x": 8, "y": 0 },
                { "matrix": [0, 9], "x": 9, "y": 0 },
                { "matrix": [1, 0], "x": 0, "y": 1 },
                { "matrix": [1, 1], "x": 1, "y": 1 },
                { "matrix": [1, 2], "x": 2, "y": 1 },
                { "matrix": [1, 3], "x": 3, "y": 1 },
                { "matrix": [1, 4], "x": 4, "y": 1 },
                { "matrix": [1, 5], "x": 5, "y": 1 },
                { "matrix": [1, 6], "x": 6, "y": 1 },
                { "matrix": [1, 7], "x": 7, "y": 1 },
                { "matrix": [1, 8], "x": 8, "y": 1 },
                { "matrix": [1, 9], "x": 9, "y": 1 },
                { "matrix": [2, 0], "x": 0, "y": 2 },
                { "matrix": [2, 1], "x": 1, "y": 2 },
                { "matrix": [2, 2], "x": 2, "y": 2 },
                { "matrix": [2, 3], "x": 3, "y": 2 },
                { "matrix": [2, 4], "x": 4, "y": 2 },
                { "matrix": [2, 5], "x": 5, "y": 2 },
                { "matrix": [2, 6], "x": 6, "y": 2 },
                { "matrix": [2, 7], "x": 7, "y": 2 },
                { "matrix": [2, 8], "x": 8, "y": 2 },
                { "matrix": [2, 9], "x": 9, "y": 2 },
                { "matrix": [3, 2], "x": 2, "y": 3 },
                { "matrix": [3, 3], "x": 3, "y": 3 },
                { "matrix": [3, 4], "x": 4, "y": 3 },
                { "matrix": [3, 5], "x": 5, "y": 3 },
                { "matrix": [3, 6], "x": 6, "y": 3 },
                { "matrix": [3, 7], "x": 7, "y": 3 }
            ]
        }
    }
}
