{
    "manufacturer": "ScottoKeebs",
    "keyboard_name": "Scotto108",
    "maintainer": "joe-scotto",
    "bootloader": "rp2040",
    "diode_direction": "COL2ROW",
    "features": {
        "bootmagic": true,
        "command": false,
        "console": false,
        "extrakey": true,
        "mousekey": true,
        "nkro": true,
        "rgblight": false
    },
    "matrix_pins": {
        "cols": ["GP6", "GP7", "GP8", "GP9", "GP10", "GP11", "GP12", "GP13", "GP14", "GP15", "GP29", "GP28", "GP27", "GP26", "GP22", "GP21", "GP20", "GP19", "GP18", "GP17", "GP16"],
        "rows": ["GP0", "GP1", "GP2", "GP3", "GP4", "GP5"]
    },
    "processor": "RP2040",
    "url": "https://scottokeebs.com",
    "usb": {
        "device_version": "1.0.0",
        "pid": "0x1022",
        "vid": "0x534B"
    },
    "layouts": {
        "LAYOUT": {
            "layout": [
                {"matrix": [0, 0], "x": 0, "y": 0},
                {"matrix": [0, 2], "x": 2, "y": 0},
                {"matrix": [0, 3], "x": 3, "y": 0},
                {"matrix": [0, 4], "x": 4, "y": 0},
                {"matrix": [0, 5], "x": 5, "y": 0},
                {"matrix": [0, 6], "x": 6, "y": 0},
                {"matrix": [0, 7], "x": 7, "y": 0},
                {"matrix": [0, 8], "x": 8, "y": 0},
                {"matrix": [0, 9], "x": 9, "y": 0},
                {"matrix": [0, 10], "x": 10, "y": 0},
                {"matrix": [0, 11], "x": 11, "y": 0},
                {"matrix": [0, 12], "x": 12, "y": 0},
                {"matrix": [0, 13], "x": 13, "y": 0},
                {"matrix": [0, 14], "x": 14.5, "y": 0},
                {"matrix": [0, 15], "x": 15.5, "y": 0},
                {"matrix": [0, 16], "x": 16.5, "y": 0},
                {"matrix": [0, 17], "x": 18, "y": 0},
                {"matrix": [0, 18], "x": 19, "y": 0},
                {"matrix": [0, 19], "x": 20, "y": 0},
                {"matrix": [0, 20], "x": 21, "y": 0},
                {"matrix": [1, 0], "x": 0, "y": 1.5},
                {"matrix": [1, 1], "x": 1, "y": 1.5},
                {"matrix": [1, 2], "x": 2, "y": 1.5},
                {"matrix": [1, 3], "x": 3, "y": 1.5},
                {"matrix": [1, 4], "x": 4, "y": 1.5},
                {"matrix": [1, 5], "x": 5, "y": 1.5},
                {"matrix": [1, 6], "x": 6, "y": 1.5},
                {"matrix": [1, 7], "x": 7, "y": 1.5},
                {"matrix": [1, 8], "x": 8, "y": 1.5},
                {"matrix": [1, 9], "x": 9, "y": 1.5},
                {"matrix": [1, 10], "x": 10, "y": 1.5},
                {"matrix": [1, 11], "x": 11, "y": 1.5},
                {"matrix": [1, 12], "x": 12, "y": 1.5},
                {"matrix": [1, 13], "x": 13, "y": 1.5},
                {"matrix": [1, 14], "x": 14.5, "y": 1.5},
                {"matrix": [1, 15], "x": 15.5, "y": 1.5},
                {"matrix": [1, 16], "x": 16.5, "y": 1.5},
                {"matrix": [1, 17], "x": 18, "y": 1.5},
                {"matrix": [1, 18], "x": 19, "y": 1.5},
                {"matrix": [1, 19], "x": 20, "y": 1.5},
                {"matrix": [1, 20], "x": 21, "y": 1.5},
                {"matrix": [2, 0], "x": 0, "y": 2.5},
                {"matrix": [2, 1], "x": 1, "y": 2.5},
                {"matrix": [2, 2], "x": 2, "y": 2.5},
                {"matrix": [2, 3], "x": 3, "y": 2.5},
                {"matrix": [2, 4], "x": 4, "y": 2.5},
                {"matrix": [2, 5], "x": 5, "y": 2.5},
                {"matrix": [2, 6], "x": 6, "y": 2.5},
                {"matrix": [2, 7], "x": 7, "y": 2.5},
                {"matrix": [2, 8], "x": 8, "y": 2.5},
                {"matrix": [2, 9], "x": 9, "y": 2.5},
                {"matrix": [2, 10], "x": 10, "y": 2.5},
                {"matrix": [2, 11], "x": 11, "y": 2.5},
                {"matrix": [2, 12], "x": 12, "y": 2.5},
                {"matrix": [2, 13], "x": 13, "y": 2.5},
                {"matrix": [2, 14], "x": 14.5, "y": 2.5},
                {"matrix": [2, 15], "x": 15.5, "y": 2.5},
                {"matrix": [2, 16], "x": 16.5, "y": 2.5},
                {"matrix": [2, 17], "x": 18, "y": 2.5},
                {"matrix": [2, 18], "x": 19, "y": 2.5},
                {"matrix": [2, 19], "x": 20, "y": 2.5},
                {"matrix": [3, 0], "x": 0, "y": 3.5},
                {"matrix": [3, 1], "x": 1, "y": 3.5},
                {"matrix": [3, 2], "x": 2, "y": 3.5},
                {"matrix": [3, 3], "x": 3, "y": 3.5},
                {"matrix": [3, 4], "x": 4, "y": 3.5},
                {"matrix": [3, 5], "x": 5, "y": 3.5},
                {"matrix": [3, 6], "x": 6, "y": 3.5},
                {"matrix": [3, 7], "x": 7, "y": 3.5},
                {"matrix": [3, 8], "x": 8, "y": 3.5},
                {"matrix": [3, 9], "x": 9, "y": 3.5},
                {"matrix": [3, 10], "x": 10, "y": 3.5},
                {"matrix": [3, 11], "x": 11, "y": 3.5},
                {"matrix": [3, 13], "x": 12, "y": 3.5, "w": 2},
                {"matrix": [3, 17], "x": 18, "y": 3.5},
                {"matrix": [3, 18], "x": 19, "y": 3.5},
                {"matrix": [3, 19], "x": 20, "y": 3.5},
                {"matrix": [3, 20], "x": 21, "y": 2.5, "h": 2},
                {"matrix": [4, 0], "x": 0, "y": 4.5},
                {"matrix": [4, 1], "x": 1, "y": 4.5},
                {"matrix": [4, 2], "x": 2, "y": 4.5},
                {"matrix": [4, 3], "x": 3, "y": 4.5},
                {"matrix": [4, 4], "x": 4, "y": 4.5},
                {"matrix": [4, 5], "x": 5, "y": 4.5},
                {"matrix": [4, 6], "x": 6, "y": 4.5},
                {"matrix": [4, 7], "x": 7, "y": 4.5},
                {"matrix": [4, 8], "x": 8, "y": 4.5},
                {"matrix": [4, 9], "x": 9, "y": 4.5},
                {"matrix": [4, 10], "x": 10, "y": 4.5},
                {"matrix": [4, 12], "x": 11, "y": 4.5, "w": 3},
                {"matrix": [4, 15], "x": 15.5, "y": 4.5},
                {"matrix": [4, 17], "x": 18, "y": 4.5},
                {"matrix": [4, 18], "x": 19, "y": 4.5},
                {"matrix": [4, 19], "x": 20, "y": 4.5},
                {"matrix": [5, 0], "x": 0, "y": 5.5},
                {"matrix": [5, 1], "x": 1, "y": 5.5},
                {"matrix": [5, 2], "x": 2, "y": 5.5},
                {"matrix": [5, 6], "x": 3, "y": 5.5, "w": 7},
                {"matrix": [5, 10], "x": 10, "y": 5.5},
                {"matrix": [5, 11], "x": 11, "y": 5.5},
                {"matrix": [5, 12], "x": 12, "y": 5.5},
                {"matrix": [5, 13], "x": 13, "y": 5.5},
                {"matrix": [5, 14], "x": 14.5, "y": 5.5},
                {"matrix": [5, 15], "x": 15.5, "y": 5.5},
                {"matrix": [5, 16], "x": 16.5, "y": 5.5},
                {"matrix": [5, 18], "x": 18, "y": 5.5, "w": 2},
                {"matrix": [5, 19], "x": 20, "y": 5.5},
                {"matrix": [5, 20], "x": 21, "y": 4.5, "h": 2}
            ]
        }
    }
}