{
    "manufacturer": "ScottoKeebs",
    "keyboard_name": "ScottoNum",
    "maintainer": "joe-scotto",
    "diode_direction": "COL2ROW",
    "development_board": "promicro",
    "features": {
        "bootmagic": true,
        "command": false,
        "console": false,
        "extrakey": true,
        "mousekey": true,
        "nkro": true
    },
    "build": {
        "lto": true
    },
    "matrix_pins": {
        "direct": [
            ["D3", "D2", "D1", "D0"],
            ["D4", "C6", "D7", "E6"],
            ["B4", "B5", "F4"],
            ["F5", "F6", "F7", "B1"],
            ["B3", "B2"]
        ]
    },
    "url": "https://scottokeebs.com",
    "usb": {
        "device_version": "1.0.0",
        "pid": "0x0014",
        "vid": "0x534B"
    },
    "layouts": {
        "LAYOUT_numpad_4x5": {
            "layout": [
                { "matrix": [0, 0], "x": 0, "y": 0 },
                { "matrix": [0, 1], "x": 1, "y": 0 },
                { "matrix": [0, 2], "x": 2, "y": 0 },
                { "matrix": [0, 3], "x": 3, "y": 0 },
                { "matrix": [1, 0], "x": 0, "y": 1 },
                { "matrix": [1, 1], "x": 1, "y": 1 },
                { "matrix": [1, 2], "x": 2, "y": 1 },
                { "matrix": [1, 3], "x": 3, "y": 1 },
                { "matrix": [2, 0], "x": 0, "y": 2 },
                { "matrix": [2, 1], "x": 1, "y": 2 },
                { "matrix": [2, 2], "x": 2, "y": 2 },
                { "matrix": [3, 0], "x": 0, "y": 3 },
                { "matrix": [3, 1], "x": 1, "y": 3 },
                { "matrix": [3, 2], "x": 2, "y": 3 },
                { "matrix": [3, 3], "x": 3, "y": 3 },
                { "matrix": [4, 0], "x": 0, "y": 4 },
                { "matrix": [4, 1], "x": 1, "y": 3 }
            ]
        }
    }
}
