{
    "matrix": {
        "rows": 3,
        "cols": 4
    },
    "layouts": {
        "keymap": [
            ["0,0", { "x": 0.5 }, "0,1", { "x": 0.5 }, "0,2"],
            [
                { "y": 0.5 },
                "1,0",
                { "x": 0.5 },
                "1,1",
                { "x": 0.5 },
                "1,2",
                { "x": 0.5 },
                "1,3"
            ],
            [
                { "y": 0.5 },
                "2,0",
                { "x": 0.5 },
                "2,1",
                { "x": 0.5 },
                "2,2",
                { "x": 0.5 },
                "2,3"
            ]
        ]
    }
}
