[
  [
    "0,0",
    {
      "x": 1
    },
    "0,2",
    "0,3",
    "0,4",
    "0,5",
    "0,6",
    "0,7",
    "0,8",
    "0,9",
    "0,10",
    "0,11",
    "0,12",
    "0,13",
    {
      "x": 0.5
    },
    "0,14",
    "0,15",
    "0,16",
    {
      "x": 0.5
    },
    "0,17",
    "0,18",
    "0,19",
    "0,20"
  ],
  [
    {
      "y": 0.5
    },
    "1,0",
    "1,1",
    "1,2",
    "1,3",
    "1,4",
    "1,5",
    "1,6",
    "1,7",
    "1,8",
    "1,9",
    "1,10",
    "1,11",
    "1,12",
    "1,13",
    {
      "x": 0.5
    },
    "1,14",
    "1,15",
    "1,16",
    {
      "x": 0.5
    },
    "1,17",
    "1,18",
    "1,19",
    "1,20"
  ],
  [
    "2,0",
    "2,1",
    "2,2",
    "2,3",
    "2,4",
    "2,5",
    "2,6",
    "2,7",
    "2,8",
    "2,9",
    "2,10",
    "2,11",
    "2,12",
    "2,13",
    {
      "x": 0.5
    },
    "2,14",
    "2,15",
    "2,16",
    {
      "x": 0.5
    },
    "2,17",
    "2,18",
    "2,19",
    {
      "h": 2
    },
    "3,20"
  ],
  [
    "3,0",
    "3,1",
    "3,2",
    "3,3",
    "3,4",
    "3,5",
    "3,6",
    "3,7",
    "3,8",
    "3,9",
    "3,10",
    "3,11",
    {
      "w": 2
    },
    "3,13",
    {
      "x": 4
    },
    "3,17",
    "3,18",
    "3,19"
  ],
  [
    "4,0",
    "4,1",
    "4,2",
    "4,3",
    "4,4",
    "4,5",
    "4,6",
    "4,7",
    "4,8",
    "4,9",
    "4,10",
    {
      "w": 3
    },
    "4,12",
    {
      "x": 1.5
    },
    "4,15",
    {
      "x": 1.5
    },
    "4,17",
    "4,18",
    "4,19",
    {
      "h": 2
    },
    "5,20"
  ],
  [
    "5,0",
    "5,1",
    "5,2",
    {
      "w": 7
    },
    "5,6",
    "5,10",
    "5,11",
    "5,12",
    "5,13",
    {
      "x": 0.5
    },
    "5,14",
    "5,15",
    "5,16",
    {
      "x": 0.5,
      "w": 2
    },
    "5,18",
    "5,19"
  ]
]