{
    "manufacturer": "ScottoKeebs",
    "keyboard_name": "ScottoHazard",
    "maintainer": "joe-scotto",
    "bootloader": "rp2040",
    "diode_direction": "COL2ROW",
    "bootmagic": {
        "matrix": [0, 1]
    },
    "split": {
        "enabled": true,
        "soft_serial_pin": "GP1",
        "bootmagic": {
            "matrix": [4, 0]
        }
    },
    "features": {
        "bootmagic": true,
        "command": false,
        "console": false,
        "extrakey": true,
        "mousekey": true,
        "nkro": true
    },
    "matrix_pins": {
        "cols": ["GP4", "GP5", "GP6", "GP7", "GP8", "GP9"],
        "rows": ["GP22", "GP20", "GP23", "GP21"]
    },
    "processor": "RP2040",
    "url": "https://scottokeebs.com",
    "usb": {
        "device_version": "1.0.0",
        "pid": "0x0028",
        "vid": "0x534B"
    },
    "layouts": {
        "LAYOUT_ortho_4x12": {
            "layout": [
                { "matrix": [0, 0], "x": 0, "y": 0 },
                { "matrix": [0, 1], "x": 1, "y": 0 },
                { "matrix": [0, 2], "x": 2, "y": 0 },
                { "matrix": [0, 3], "x": 3, "y": 0 },
                { "matrix": [0, 4], "x": 4, "y": 0 },
                { "matrix": [0, 5], "x": 5, "y": 0 },

                { "matrix": [4, 0], "x": 7, "y": 0 },
                { "matrix": [4, 1], "x": 8, "y": 0 },
                { "matrix": [4, 2], "x": 9, "y": 0 },
                { "matrix": [4, 3], "x": 10, "y": 0 },
                { "matrix": [4, 4], "x": 11, "y": 0 },
                { "matrix": [4, 5], "x": 12, "y": 0 },

                { "matrix": [1, 0], "x": 0, "y": 1 },
                { "matrix": [1, 1], "x": 1, "y": 1 },
                { "matrix": [1, 2], "x": 2, "y": 1 },
                { "matrix": [1, 3], "x": 3, "y": 1 },
                { "matrix": [1, 4], "x": 4, "y": 1 },
                { "matrix": [1, 5], "x": 5, "y": 1 },

                { "matrix": [5, 0], "x": 7, "y": 1 },
                { "matrix": [5, 1], "x": 8, "y": 1 },
                { "matrix": [5, 2], "x": 9, "y": 1 },
                { "matrix": [5, 3], "x": 10, "y": 1 },
                { "matrix": [5, 4], "x": 11, "y": 1 },
                { "matrix": [5, 5], "x": 12, "y": 1 },

                { "matrix": [2, 0], "x": 0, "y": 2 },
                { "matrix": [2, 1], "x": 1, "y": 2 },
                { "matrix": [2, 2], "x": 2, "y": 2 },
                { "matrix": [2, 3], "x": 3, "y": 2 },
                { "matrix": [2, 4], "x": 4, "y": 2 },
                { "matrix": [2, 5], "x": 5, "y": 2 },

                { "matrix": [6, 0], "x": 7, "y": 2 },
                { "matrix": [6, 1], "x": 8, "y": 2 },
                { "matrix": [6, 2], "x": 9, "y": 2 },
                { "matrix": [6, 3], "x": 10, "y": 2 },
                { "matrix": [6, 4], "x": 11, "y": 2 },
                { "matrix": [6, 5], "x": 12, "y": 2 },

                { "matrix": [3, 0], "x": 0, "y": 3 },
                { "matrix": [3, 1], "x": 1, "y": 3 },
                { "matrix": [3, 2], "x": 2, "y": 3 },
                { "matrix": [3, 3], "x": 3, "y": 3 },
                { "matrix": [3, 4], "x": 4, "y": 3 },
                { "matrix": [3, 5], "x": 5, "y": 3 },

                { "matrix": [7, 0], "x": 7, "y": 3 },
                { "matrix": [7, 1], "x": 8, "y": 3 },
                { "matrix": [7, 2], "x": 9, "y": 3 },
                { "matrix": [7, 3], "x": 10, "y": 3 },
                { "matrix": [7, 4], "x": 11, "y": 3 },
                { "matrix": [7, 5], "x": 12, "y": 3 }
            ]
        }
    }
}
