{
    "manufacturer": "ScottoKeebs",
    "keyboard_name": "Scotto9",
    "maintainer": "joe-scotto",
    "diode_direction": "COL2ROW",
    "development_board": "promicro",
    "features": {
        "bootmagic": true,
        "command": false,
        "console": false,
        "extrakey": true,
        "mousekey": true,
        "nkro": true
    },
    "build": {
        "lto": true
    },
    "matrix_pins": {
        "cols": ["D4", "C6", "D7"],
        "rows": ["B1", "B3", "B2"]
    },
    "url": "https://scottokeebs.com",
    "usb": {
        "device_version": "1.0.0",
        "pid": "0x0003",
        "vid": "0x534B"
    },
    "layouts": {
        "LAYOUT_ortho_3x3": {
            "layout": [
                { "matrix": [0, 0], "x": 0, "y": 0 },
                { "matrix": [0, 1], "x": 1, "y": 0 },
                { "matrix": [0, 2], "x": 2, "y": 0 },
                { "matrix": [1, 0], "x": 0, "y": 1 },
                { "matrix": [1, 1], "x": 1, "y": 1 },
                { "matrix": [1, 2], "x": 2, "y": 1 },
                { "matrix": [2, 0], "x": 0, "y": 2 },
                { "matrix": [2, 1], "x": 1, "y": 2 },
                { "matrix": [2, 2], "x": 2, "y": 2 }
            ]
        }
    }
}
