{
    "manufacturer": "ScottoKeebs",
    "keyboard_name": "Scotto69 (PCB Edition)",
    "maintainer": "joe-scotto",
    "bootloader": "stm32-dfu",
    "diode_direction": "COL2ROW",
    "encoder": {
        "rotary": [
            {"pin_a": "B15", "pin_b": "B14"}
        ]
    },
    "features": {
        "bootmagic": true,
        "command": false,
        "console": false,
        "encoder": true,
        "extrakey": true,
        "mousekey": true,
        "nkro": true
    },
    "matrix_pins": {
        "cols": ["A7", "A8", "A14", "A15", "B3", "B4", "B5", "B6", "B7", "B8", "B9", "C14", "C15", "A3", "A4", "A5", "A6"],
        "rows": ["B11", "B10", "B2", "B1", "B0"]
    },
    "processor": "STM32F072",
    "url": "https://scottokeebs.com",
    "usb": {
        "device_version": "1.0.0",
        "pid": "0x0030",
        "vid": "0x534B"
    },
    "layouts": {
        "LAYOUT": {
            "layout": [
                {"matrix": [0, 0], "x": 0, "y": 0},
                {"matrix": [0, 1], "x": 2, "y": 0.5},
                {"matrix": [0, 2], "x": 3, "y": 0.5},
                {"matrix": [0, 3], "x": 4, "y": 0.5},
                {"matrix": [0, 4], "x": 5, "y": 0.5},
                {"matrix": [0, 5], "x": 6, "y": 0.5},
                {"matrix": [0, 6], "x": 7, "y": 0.5},
                {"matrix": [0, 7], "x": 8, "y": 0.5},
                {"matrix": [0, 8], "x": 9, "y": 0.5},
                {"matrix": [0, 9], "x": 10, "y": 0.5},
                {"matrix": [0, 10], "x": 11, "y": 0.5},
                {"matrix": [0, 11], "x": 12, "y": 0.5},
                {"matrix": [0, 12], "x": 13, "y": 0.5},
                {"matrix": [0, 13], "x": 15, "y": 0},
                {"matrix": [0, 14], "x": 16, "y": 0},
                {"matrix": [0, 15], "x": 17, "y": 0},
                {"matrix": [0, 16], "x": 18, "y": 0},
                {"matrix": [1, 0], "x": 0, "y": 1},
                {"matrix": [1, 1], "x": 2, "y": 1.5},
                {"matrix": [1, 2], "x": 3, "y": 1.5},
                {"matrix": [1, 3], "x": 4, "y": 1.5},
                {"matrix": [1, 4], "x": 5, "y": 1.5},
                {"matrix": [1, 5], "x": 6, "y": 1.5},
                {"matrix": [1, 6], "x": 7, "y": 1.5},
                {"matrix": [1, 7], "x": 8, "y": 1.5},
                {"matrix": [1, 8], "x": 9, "y": 1.5},
                {"matrix": [1, 9], "x": 10, "y": 1.5},
                {"matrix": [1, 10], "x": 11, "y": 1.5},
                {"matrix": [1, 11], "x": 12, "y": 1.5},
                {"matrix": [1, 12], "x": 13, "y": 1.5},
                {"matrix": [1, 13], "x": 15, "y": 1},
                {"matrix": [1, 14], "x": 16, "y": 1},
                {"matrix": [1, 15], "x": 17, "y": 1},
                {"matrix": [1, 16], "x": 18, "y": 1, "h": 2},
                {"matrix": [2, 0], "x": 0, "y": 2},
                {"matrix": [2, 1], "x": 2, "y": 2.5},
                {"matrix": [2, 2], "x": 3, "y": 2.5},
                {"matrix": [2, 3], "x": 4, "y": 2.5},
                {"matrix": [2, 4], "x": 5, "y": 2.5},
                {"matrix": [2, 5], "x": 6, "y": 2.5},
                {"matrix": [2, 6], "x": 7, "y": 2.5},
                {"matrix": [2, 7], "x": 8, "y": 2.5},
                {"matrix": [2, 8], "x": 9, "y": 2.5},
                {"matrix": [2, 9], "x": 10, "y": 2.5},
                {"matrix": [2, 10], "x": 11, "y": 2.5},
                {"matrix": [2, 11], "x": 12, "y": 2.5},
                {"matrix": [2, 12], "x": 13, "y": 2.5},
                {"matrix": [2, 13], "x": 15, "y": 2},
                {"matrix": [2, 14], "x": 16, "y": 2},
                {"matrix": [2, 15], "x": 17, "y": 2},
                {"matrix": [3, 0], "x": 0, "y": 3},
                {"matrix": [3, 1], "x": 2, "y": 3.5},
                {"matrix": [3, 2], "x": 3, "y": 3.5},
                {"matrix": [3, 3], "x": 4, "y": 3.5},
                {"matrix": [3, 4], "x": 5, "y": 3.5},
                {"matrix": [3, 5], "x": 6, "y": 3.5},
                {"matrix": [3, 6], "x": 7, "y": 3.5, "w": 2},
                {"matrix": [3, 8], "x": 9, "y": 3.5},
                {"matrix": [3, 9], "x": 10, "y": 3.53},
                {"matrix": [3, 10], "x": 11, "y": 3.53},
                {"matrix": [3, 11], "x": 12, "y": 3.5},
                {"matrix": [3, 12], "x": 13, "y": 3.5},
                {"matrix": [3, 13], "x": 15, "y": 3},
                {"matrix": [3, 14], "x": 16, "y": 3},
                {"matrix": [3, 15], "x": 17, "y": 3},
                {"matrix": [3, 16], "x": 18, "y": 3, "h": 2},
                {"matrix": [4, 0], "x": 0, "y": 4},
                {"matrix": [4, 13], "x": 15, "y": 4, "w": 2},
                {"matrix": [4, 15], "x": 17, "y": 4}
            ]
        }
    }
}
