{
    "manufacturer": "ScottoKeebs",
    "keyboard_name": "ScottoMacrodeck",
    "maintainer": "joe-scotto",
    "development_board": "promicro",
    "features": {
        "bootmagic": true,
        "command": false,
        "console": false,
        "extrakey": true,
        "mousekey": true,
        "nkro": true
    },
    "build": {
        "lto": true
    },
    "matrix_pins": {
        "direct": [
            ["D3", "D2", "D1", null],
            ["D0", "D4", "C6", "D7"],
            ["E6", "B4", "B5", "F4"]
        ]
    },
    "url": "https://scottokeebs.com",
    "usb": {
        "device_version": "1.0.0",
        "pid": "0x0015",
        "vid": "0x534B"
    },
    "layouts": {
        "LAYOUT_ortho_3x4": {
            "layout": [
                { "matrix": [0, 0], "x": 0, "y": 0 },
                { "matrix": [0, 1], "x": 1, "y": 0 },
                { "matrix": [0, 2], "x": 2, "y": 0 },
                { "matrix": [1, 0], "x": 0, "y": 1 },
                { "matrix": [1, 1], "x": 1, "y": 1 },
                { "matrix": [1, 2], "x": 2, "y": 1 },
                { "matrix": [1, 3], "x": 3, "y": 1 },
                { "matrix": [2, 0], "x": 0, "y": 2 },
                { "matrix": [2, 1], "x": 1, "y": 2 },
                { "matrix": [2, 2], "x": 2, "y": 2 },
                { "matrix": [2, 3], "x": 3, "y": 2 }
            ]
        }
    }
}
