{
    "matrix": {
        "rows": 3,
        "cols": 4
    },
    "layouts": {
        "keymap": [
            [
                "0,1\n\n\n\n\n\n\n\n\ne",
                "0,0\n\n\n\n\n\n\n\n\ne",
                { "x": 1 },
                "1,1\n\n\n\n\n\n\n\n\ne",
                "1,0\n\n\n\n\n\n\n\n\ne"
            ],
            [{ "x": 0.5 }, "0,0", { "x": 2 }, "0,3"],
            [{ "x": 0.5 }, "1,0", "1,1", "1,2", "1,3"],
            [{ "x": 0.5 }, "2,0", "2,1", "2,2", "2,3"]
        ]
    }
}
