{
    "manufacturer": "ScottoKeebs",
    "keyboard_name": "ScottoSlant (PCB Edition)",
    "maintainer": "joe-scotto",
    "bootloader": "rp2040",
    "diode_direction": "COL2ROW",
    "features": {
        "bootmagic": true,
        "command": false,
        "console": false,
        "extrakey": true,
        "mousekey": true,
        "nkro": true
    },
    "matrix_pins": {
        "cols": [
            "GP14",
            "GP8",
            "GP7",
            "GP6",
            "GP5",
            "GP4",
            "GP3",
            "GP2",
            "GP1",
            "GP0"
        ],
        "rows": ["GP15", "GP26", "GP27", "GP28"]
    },
    "processor": "RP2040",
    "url": "https://scottokeebs.com",
    "usb": {
        "device_version": "1.0.0",
        "pid": "0x0029",
        "vid": "0x534B"
    },
    "layouts": {
        "LAYOUT_3x10_8": {
            "layout": [
                { "matrix": [0, 0], "x": 0, "y": 0 },
                { "matrix": [0, 1], "x": 1, "y": 0 },
                { "matrix": [0, 2], "x": 2, "y": 0 },
                { "matrix": [0, 3], "x": 3, "y": 0 },
                { "matrix": [0, 4], "x": 4, "y": 0 },
                { "matrix": [0, 5], "x": 5, "y": 0 },
                { "matrix": [0, 6], "x": 6, "y": 0 },
                { "matrix": [0, 7], "x": 7, "y": 0 },
                { "matrix": [0, 8], "x": 8, "y": 0 },
                { "matrix": [0, 9], "x": 9, "y": 0 },
                { "matrix": [1, 0], "x": 0, "y": 1 },
                { "matrix": [1, 1], "x": 1, "y": 1 },
                { "matrix": [1, 2], "x": 2, "y": 1 },
                { "matrix": [1, 3], "x": 3, "y": 1 },
                { "matrix": [1, 4], "x": 4, "y": 1 },
                { "matrix": [1, 5], "x": 5, "y": 1 },
                { "matrix": [1, 6], "x": 6, "y": 1 },
                { "matrix": [1, 7], "x": 7, "y": 1 },
                { "matrix": [1, 8], "x": 8, "y": 1 },
                { "matrix": [1, 9], "x": 9, "y": 1 },
                { "matrix": [2, 0], "x": 0, "y": 2 },
                { "matrix": [2, 1], "x": 1, "y": 2 },
                { "matrix": [2, 2], "x": 2, "y": 2 },
                { "matrix": [2, 3], "x": 3, "y": 2 },
                { "matrix": [2, 4], "x": 4, "y": 2 },
                { "matrix": [2, 5], "x": 5, "y": 2 },
                { "matrix": [2, 6], "x": 6, "y": 2 },
                { "matrix": [2, 7], "x": 7, "y": 2 },
                { "matrix": [2, 8], "x": 8, "y": 2 },
                { "matrix": [2, 9], "x": 9, "y": 2 },
                { "matrix": [3, 0], "x": 0, "y": 3 },
                { "matrix": [3, 1], "x": 1, "y": 3 },
                { "matrix": [3, 2], "x": 2, "y": 3 },
                { "matrix": [3, 3], "x": 3, "y": 3 },
                { "matrix": [3, 4], "x": 4, "y": 3 },
                { "matrix": [3, 6], "x": 6, "y": 3 },
                { "matrix": [3, 7], "x": 7, "y": 3 },
                { "matrix": [3, 8], "x": 8, "y": 3 },
                { "matrix": [3, 9], "x": 9, "y": 3 }
            ]
        }
    }
}
