{
    "lighting": "qmk_rgblight",
    "matrix": {
        "rows": 4,
        "cols": 12
    },
    "layouts": {
        "keymap": [
            [{ "r": 20, "rx": 8, "ry": 2.5, "y": -2.5, "x": -5 }, "0,3"],
            [{ "y": -0.75, "x": -6 }, "0,2", { "x": 1 }, "0,4"],
            [{ "y": -0.75, "x": -8 }, "0,0", "0,1", { "x": 3 }, "0,5"],
            [{ "y": -0.5, "x": -5 }, "1,3"],
            [{ "y": -0.75, "x": -6 }, "1,2", { "x": 1 }, "1,4"],
            [{ "y": -0.75, "x": -8 }, "1,0", "1,1", { "x": 3 }, "1,5"],
            [{ "y": -0.5, "x": -5 }, "2,3"],
            [{ "y": -0.75, "x": -6 }, "2,2", { "x": 1 }, "2,4"],
            [{ "y": -0.75, "x": -8 }, "2,0", "2,1", { "x": 3 }, "2,5"],
            [{ "r": 35, "y": 1, "x": -2.5 }, "3,4"],
            [{ "r": 65, "y": -0.65, "x": 0.25 }, "3,5"],
            [{ "r": -65, "y": -1, "x": -1.25 }, "3,6"],
            [{ "r": -35, "y": -1.35, "x": 1.5 }, "3,7"],
            [{ "r": -20, "y": -5.5, "x": 4 }, "0,8"],
            [{ "y": -0.75, "x": 3 }, "0,7", { "x": 1 }, "0,9"],
            [{ "y": -0.75, "x": 2 }, "0,6", { "x": 3 }, "0,10", "0,11"],
            [{ "y": -0.5, "x": 4 }, "1,8"],
            [{ "y": -0.75, "x": 3 }, "1,7", { "x": 1 }, "1,9"],
            [{ "y": -0.75, "x": 2 }, "1,6", { "x": 3 }, "1,10", "1,11"],
            [{ "y": -0.5, "x": 4 }, "2,8"],
            [{ "y": -0.75, "x": 3 }, "2,7", { "x": 1 }, "2,9"],
            [{ "y": -0.75, "x": 2 }, "2,6", { "x": 3 }, "2,10", "2,11"]
        ]
    }
}
