{
    "manufacturer": "ScottoKeebs",
    "keyboard_name": "Scotto34 (PCB Edition)",
    "maintainer": "joe-scotto",
    "bootloader": "rp2040",
    "diode_direction": "COL2ROW",
    "features": {
        "bootmagic": true,
        "command": false,
        "console": false,
        "extrakey": true,
        "mousekey": true,
        "nkro": true,
        "rgblight": true
    },
    "matrix_pins": {
        "cols": ["GP9", "GP10", "GP11", "GP12", "GP13", "GP18", "GP19", "GP20", "GP21", "GP22"],
        "rows": ["GP0", "GP1", "GP14", "GP15"]
    },
    "processor": "RP2040",
    "url": "https://scottokeebs.com",
    "usb": {
        "device_version": "1.0.0",
        "pid": "0x1019",
        "vid": "0x534B"
    },
    "ws2812": {
        "pin": "GP23",
        "driver": "vendor"
    },
    "rgblight": {
        "led_count": 5,
        "default": {
            "animation": "rainbow_swirl"
        },
        "animations": {
            "breathing": true,
            "rainbow_mood": true,
            "rainbow_swirl": true,
            "snake": true,
            "knight": true,
            "christmas": true,
            "static_gradient": true,
            "alternating": true,
            "twinkle": true
        }
    },
    "community_layouts": ["split_3x5_2"],
    "layouts": {
        "LAYOUT_split_3x5_2": {
            "layout": [
                { "matrix": [0, 0], "x": 0, "y": 0 },
                { "matrix": [0, 1], "x": 1, "y": 0 },
                { "matrix": [0, 2], "x": 2, "y": 0 },
                { "matrix": [0, 3], "x": 3, "y": 0 },
                { "matrix": [0, 4], "x": 4, "y": 0 },
                { "matrix": [0, 5], "x": 5, "y": 0 },
                { "matrix": [0, 6], "x": 6, "y": 0 },
                { "matrix": [0, 7], "x": 7, "y": 0 },
                { "matrix": [0, 8], "x": 8, "y": 0 },
                { "matrix": [0, 9], "x": 9, "y": 0 },
                { "matrix": [1, 0], "x": 0, "y": 1 },
                { "matrix": [1, 1], "x": 1, "y": 1 },
                { "matrix": [1, 2], "x": 2, "y": 1 },
                { "matrix": [1, 3], "x": 3, "y": 1 },
                { "matrix": [1, 4], "x": 4, "y": 1 },
                { "matrix": [1, 5], "x": 5, "y": 1 },
                { "matrix": [1, 6], "x": 6, "y": 1 },
                { "matrix": [1, 7], "x": 7, "y": 1 },
                { "matrix": [1, 8], "x": 8, "y": 1 },
                { "matrix": [1, 9], "x": 9, "y": 1 },
                { "matrix": [2, 0], "x": 0, "y": 2 },
                { "matrix": [2, 1], "x": 1, "y": 2 },
                { "matrix": [2, 2], "x": 2, "y": 2 },
                { "matrix": [2, 3], "x": 3, "y": 2 },
                { "matrix": [2, 4], "x": 4, "y": 2 },
                { "matrix": [2, 5], "x": 5, "y": 2 },
                { "matrix": [2, 6], "x": 6, "y": 2 },
                { "matrix": [2, 7], "x": 7, "y": 2 },
                { "matrix": [2, 8], "x": 8, "y": 2 },
                { "matrix": [2, 9], "x": 9, "y": 2 },
                { "matrix": [3, 3], "x": 3, "y": 3 },
                { "matrix": [3, 4], "x": 4, "y": 3 },
                { "matrix": [3, 5], "x": 5, "y": 3 },
                { "matrix": [3, 6], "x": 6, "y": 3 }
            ]
        }
    }
}
