{
    "matrix": {
        "rows": 4,
        "cols": 10
    },
    "layouts": {
        "keymap": [
            [
                [
                    {
                        "x": 2
                    },
                    "0,2",
                    {
                        "x": 4
                    },
                    "0,7"
                ],
                [
                    {
                        "y": -0.75,
                        "x": 1
                    },
                    "0,1",
                    {
                        "x": 1
                    },
                    "0,3",
                    {
                        "x": 2
                    },
                    "0,6",
                    {
                        "x": 1
                    },
                    "0,8"
                ],
                [
                    {
                        "y": -0.75
                    },
                    "0,0",
                    {
                        "x": 3
                    },
                    "0,4",
                    "0,5",
                    {
                        "x": 3
                    },
                    "0,9"
                ],
                [
                    {
                        "y": -0.5,
                        "x": 2
                    },
                    "1,2",
                    {
                        "x": 4
                    },
                    "1,7"
                ],
                [
                    {
                        "y": -0.75,
                        "x": 1
                    },
                    "1,1",
                    {
                        "x": 1
                    },
                    "1,3",
                    {
                        "x": 2
                    },
                    "1,6",
                    {
                        "x": 1
                    },
                    "1,8"
                ],
                [
                    {
                        "y": -0.75
                    },
                    "1,0",
                    {
                        "x": 3
                    },
                    "1,4",
                    "1,5",
                    {
                        "x": 3
                    },
                    "1,9"
                ],
                [
                    {
                        "y": -0.5,
                        "x": 2
                    },
                    "2,2",
                    {
                        "x": 4
                    },
                    "2,7"
                ],
                [
                    {
                        "y": -0.75,
                        "x": 1
                    },
                    "2,1",
                    {
                        "x": 1
                    },
                    "2,3",
                    {
                        "x": 2
                    },
                    "2,6",
                    {
                        "x": 1
                    },
                    "2,8"
                ],
                [
                    {
                        "y": -0.75
                    },
                    "2,0",
                    {
                        "x": 3
                    },
                    "2,4",
                    "2,5",
                    {
                        "x": 3
                    },
                    "2,9"
                ],
                [
                    {
                        "y": -0.5,
                        "x": 2
                    },
                    "3,2",
                    {
                        "x": 4
                    },
                    "3,7"
                ],
                [
                    {
                        "y": -0.75,
                        "x": 3
                    },
                    "3,3",
                    {
                        "x": 2
                    },
                    "3,6"
                ],
                [
                    {
                        "y": -0.75,
                        "x": 4
                    },
                    "3,4",
                    "3,5"
                ]
            ]
        ]
    }
}
