[
  [
    {
      "x": 1
    },
    "0,1",
    "0,2",
    "0,3",
    "0,4",
    "0,5"
  ],
  [
    {
      "x": 1
    },
    "1,1",
    "1,2",
    "1,3",
    "1,4",
    "1,5"
  ],
  [
    {
      "h": 2
    },
    "3,0",
    "2,1",
    "2,2",
    "2,3",
    "2,4",
    "2,5",
    {
      "h": 2
    },
    "3,6"
  ],
  [
    {
      "x": 1,
      "w": 1.5
    },
    "3,1",
    {
      "w": 2
    },
    "3,3",
    {
      "w": 1.5
    },
    "3,5"
  ]
]