{
    "matrix": {
        "rows": 4,
        "cols": 10
    },
    "layouts": {
        "keymap": [
            [
                {
                    "r": 15,
                    "rx": 2.5,
                    "ry": 1.5,
                    "y": -1.5,
                    "x": 0.25
                },
                "0,2"
            ],
            [
                {
                    "y": -0.75,
                    "x": -0.75
                },
                "0,1",
                {
                    "x": 1
                },
                "0,3"
            ],
            [
                {
                    "y": -0.75,
                    "x": -1.75
                },
                "0,0",
                {
                    "x": 3
                },
                "0,4"
            ],
            [
                {
                    "y": -0.5,
                    "x": 0.25
                },
                "1,2"
            ],
            [
                {
                    "y": -0.75,
                    "x": -0.75
                },
                "1,1",
                {
                    "x": 1
                },
                "1,3"
            ],
            [
                {
                    "y": -0.75,
                    "x": -1.75
                },
                "1,0",
                {
                    "x": 3
                },
                "1,4"
            ],
            [
                {
                    "y": -0.5,
                    "x": 0.25
                },
                "2,2"
            ],
            [
                {
                    "y": -0.75,
                    "x": -0.75
                },
                "2,1",
                {
                    "x": 1
                },
                "2,3"
            ],
            [
                {
                    "y": -0.75,
                    "x": -1.75
                },
                "2,0",
                {
                    "x": 3
                },
                "2,4"
            ],
            [
                {
                    "y": 0.25,
                    "x": 0.2749999999999999
                },
                "3,2"
            ],
            [
                {
                    "r": 30,
                    "y": -1.4500000000000002,
                    "x": 2.0999999999999996
                },
                "3,3"
            ],
            [
                {
                    "r": 45,
                    "y": -1.9,
                    "x": 3.75
                },
                "3,4"
            ],
            [
                {
                    "r": -45,
                    "rx": 11,
                    "y": 0.8999999999999999,
                    "x": -4.75
                },
                "3,5"
            ],
            [
                {
                    "r": -30,
                    "y": -0.10000000000000009,
                    "x": -3.0999999999999996
                },
                "3,6"
            ],
            [
                {
                    "r": -15,
                    "y": -4.3,
                    "x": -1.25
                },
                "0,7"
            ],
            [
                {
                    "y": -0.75,
                    "x": -2.25
                },
                "0,6",
                {
                    "x": 1
                },
                "0,8"
            ],
            [
                {
                    "y": -0.75,
                    "x": -3.25
                },
                "0,5",
                {
                    "x": 3
                },
                "0,9"
            ],
            [
                {
                    "y": -0.5,
                    "x": -1.25
                },
                "1,7"
            ],
            [
                {
                    "y": -0.75,
                    "x": -2.25
                },
                "1,6",
                {
                    "x": 1
                },
                "1,8"
            ],
            [
                {
                    "y": -0.75,
                    "x": -3.25
                },
                "1,5",
                {
                    "x": 3
                },
                "1,9"
            ],
            [
                {
                    "y": -0.5,
                    "x": -1.25
                },
                "2,7"
            ],
            [
                {
                    "y": -0.75,
                    "x": -2.25
                },
                "2,6",
                {
                    "x": 1
                },
                "2,8"
            ],
            [
                {
                    "y": -0.75,
                    "x": -3.25
                },
                "2,5",
                {
                    "x": 3
                },
                "2,9"
            ],
            [
                {
                    "y": 0.25,
                    "x": -1.2750000000000004
                },
                "3,7"
            ]
        ]
    }
}
