{
    "manufacturer": "ScottoKeebs",
    "keyboard_name": "ScottoKatana (PCB Edition)",
    "maintainer": "joe-scotto",
    "bootloader": "rp2040",
    "diode_direction": "COL2ROW",
    "features": {
        "bootmagic": true,
        "command": false,
        "console": false,
        "extrakey": true,
        "mousekey": true,
        "nkro": true,
        "rgblight": true,
        "oled": true
    },
    "matrix_pins": {
        "cols": [
            "GP3",
            "GP4",
            "GP5",
            "GP6",
            "GP7",
            "GP15",
            "GP26",
            "GP27",
            "GP28",
            "GP29"
        ],
        "rows": ["GP13", "GP12", "GP10", "GP9"]
    },
    "ws2812": {
        "pin": "GP11",
        "driver": "vendor"
    },
    "rgblight": {
        "led_count": 33,
        "default": {
            "animation": "rainbow_mood"
        },
        "animations": {
            "breathing": true,
            "rainbow_mood": true,
            "rainbow_swirl": true,
            "snake": true,
            "knight": true,
            "christmas": true,
            "static_gradient": true,
            "alternating": true,
            "twinkle": true
        }
    },
    "processor": "RP2040",
    "url": "https://scottokeebs.com",
    "usb": {
        "device_version": "1.0.0",
        "pid": "0x0035",
        "vid": "0x534B"
    },
    "layouts": {
        "LAYOUT_ortho_3x10_5": {
            "layout": [
                { "matrix": [0, 0], "x": 0.5, "y": 0 },
                { "matrix": [0, 1], "x": 1.5, "y": 0 },
                { "matrix": [0, 2], "x": 2.5, "y": 0 },
                { "matrix": [0, 3], "x": 3.5, "y": 0 },
                { "matrix": [0, 4], "x": 4.5, "y": 0 },
                { "matrix": [0, 5], "x": 7.5, "y": 0 },
                { "matrix": [0, 6], "x": 8.5, "y": 0 },
                { "matrix": [0, 7], "x": 9.5, "y": 0 },
                { "matrix": [0, 8], "x": 10.5, "y": 0 },
                { "matrix": [0, 9], "x": 11.5, "y": 0 },
                { "matrix": [1, 0], "x": 0.25, "y": 1 },
                { "matrix": [1, 1], "x": 1.25, "y": 1 },
                { "matrix": [1, 2], "x": 2.25, "y": 1 },
                { "matrix": [1, 3], "x": 3.25, "y": 1 },
                { "matrix": [1, 4], "x": 4.25, "y": 1 },
                { "matrix": [1, 5], "x": 7.75, "y": 1 },
                { "matrix": [1, 6], "x": 8.75, "y": 1 },
                { "matrix": [1, 7], "x": 9.75, "y": 1 },
                { "matrix": [1, 8], "x": 10.75, "y": 1 },
                { "matrix": [1, 9], "x": 11.75, "y": 1 },
                { "matrix": [2, 0], "x": 0, "y": 2 },
                { "matrix": [2, 1], "x": 1, "y": 2 },
                { "matrix": [2, 2], "x": 2, "y": 2 },
                { "matrix": [2, 3], "x": 3, "y": 2 },
                { "matrix": [2, 4], "x": 4, "y": 2 },
                { "matrix": [2, 5], "x": 8, "y": 2 },
                { "matrix": [2, 6], "x": 9, "y": 2 },
                { "matrix": [2, 7], "x": 10, "y": 2 },
                { "matrix": [2, 8], "x": 11, "y": 2 },
                { "matrix": [2, 9], "x": 12, "y": 2 },
                { "matrix": [3, 0], "x": 0.25, "y": 3, "w": 1.25 },
                { "matrix": [3, 1], "x": 1.5, "y": 3, "w": 1.25 },
                { "matrix": [3, 4], "x": 2.75, "y": 3, "w": 7 },
                { "matrix": [3, 8], "x": 9.75, "y": 3, "w": 1.25 },
                { "matrix": [3, 9], "x": 11, "y": 3, "w": 1.25 }
            ]
        }
    }
}
