{
    "matrix": {
        "rows": 4,
        "cols": 12
    },
    "layouts": {
        "keymap": [
            [
                "0,0",
                "0,1",
                "0,2",
                "0,3",
                "0,4",
                "0,5",
                "0,6",
                "0,7",
                "0,8",
                "0,9",
                "0,10",
                "0,11"
            ],
            [
                "1,0",
                "1,1",
                "1,2",
                "1,3",
                "1,4",
                "1,5",
                "1,6",
                "1,7",
                "1,8",
                "1,9",
                "1,10",
                "1,11"
            ],
            [
                "2,0",
                "2,1",
                "2,2",
                "2,3",
                "2,4",
                "2,5",
                "2,6",
                "2,7",
                "2,8",
                "2,9",
                "2,10",
                "2,11"
            ],
            [
                { "x": 1.5 },
                "3,1",
                "3,2",
                "3,3",
                { "w": 3 },
                "3,5",
                "3,7",
                "3,8",
                "3,9"
            ]
        ]
    }
}
